"id","url","title","review_count","view_count","date","user_id","user_name","source"
"2DWC9A_36689923","https://www.olivepixel.com/tokyo.html","Kim Laughton",52,144770,20091010200605,2022965,"heyitsmejaya","toprated"
"1x8XK0_36722597","https://www.typographyserved.com/Gallery/August-2009/282018","August 2009 :: Typography Served",14,24224,20091011113141,2342625,"Lyze","toprated"
"2PAkaD_36621956","https://murderburger.wordpress.com/2009/05/11/swine-flu-7-dead-6-5-billion-not-dead/","Swine Flu. 7 dead. 6.5 billion not dead.  & Murder Burger et al.",33,40291,20091011113141,7259679,"growmap","toprated"
"6gfC7f_36505152","https://contexts.org/socimages/2009/09/27/partisan-political-contributions-by-u-s-companies/","Partisan Political Contributions by U.S. Companies  &  Sociological Images",41,37955,20091011113141,2575462,"yobaba","toprated"
"1F0NtI_36691284","https://reynen.livejournal.com/97704.html","reynen: owl in box",45,62849,20091011113141,5975626,"cryslm","toprated"
"1ImXUt_36684214","https://acidcow.com/pics/4553-dead-flies-art-15-pics.html","Dead Flies Art (15 pics) & AcidCow.com - videos, pictures, celebs, flash games",57,38607,20091011113141,2237376,"roslyn217","toprated"
"8DpP3m_36714184","https://weheartit.com/entry/798326","Photo on we heart it / visual bookmark #798326",40,62338,20091011113141,4176101,"dsimoes","toprated"
"4xuLKb_36415104","https://www.home-designing.com/2009/09/bathrooms-of-the-future","Bathrooms of the Future | Interior Designs And Home Ideas",50,91028,20091011113141,5289146,"timethief","toprated"
"1AYIVb_36508253","https://www.tkofthewildboyz.com/","TK of the Wildboyz &",65,212994,20091011113141,4205066,"speidyt","toprated"
"1tGoHS_36691538","https://lovelypackage.com/2009-pentawards-top-winners/","2009 Pentawards Top Winners",21,63769,20091011113141,2575462,"yobaba","toprated"
"2fGAFg_36448350","https://www.smashingmagazine.com/2009/09/24/10-useful-usability-findings-and-guidelines/","10 Useful Usability Findings and Guidelines &  Smashing Magazine",53,94541,20091011113141,7259679,"growmap","toprated"
"2ef2DV_39552581","https://www.flickr.com/photos/rubin110/4313654518/sizes/l/","Flickr Photo Download: We Have Signs",44,153123,20100208100626,3039555,"ChugJorgensen","toprated"
"1kOBnI_39650729","https://flowingdata.com/2010/01/29/save-pens-use-garamond-font/","Save pens. Use Garamond font | FlowingData",36,116902,20100208100626,1287077,"SuperGluzie","toprated"
"1aCp0J_39637563","https://sciencehax.com/2010/01/beautiful-home-built-from-recycled-materials/","Beautiful Home Built From Recycled Materials | Science Hax",46,98503,20100208100626,2043622,"alainjournalist","toprated"
"2OnZHE_39555527","https://www.nationalgeographic.co.uk/wallpaper/animals/photos/baby-animals/baby-asian-elephant/","Baby Asian Elephant in Tall Grass",53,202991,20100208100626,2303434,"sanroe","toprated"
"78Ke3G_39701366","https://www.ridingwithstrangers.com/post/356803246","Riding With Strangers",10,82213,20100208100626,9376228,"bubs353","toprated"
"1y5pCS_39747182","https://www.baekdal.com/design/cool/one-day-poem/","One Day Poem - @Baekdal",15,45462,20100208100626,2043622,"alainjournalist","toprated"
"1GV7mU_39497960","https://www.waze.com/blog/the-19-most-complex-and-dangerous-roads-in-the-world/","The 19 most complex and dangerous roads in the world  | By the Waze",84,239706,20100208100626,3758732,"TalSiach","toprated"
"2ce5gY_39448080","https://brainz.org/15-cute-animals-will-cause-you-horrible-harm/","15 Cute Animals That Will Cause You Horrible Harm",49,123055,20100208100626,1009060,"phoenixholyfire","toprated"
"1NN7zK_39701550","https://www.toxel.com/inspiration/2010/01/27/clever-and-creative-tea-packaging/","Clever and Creative Tea Packaging",50,132532,20100208100626,9376228,"bubs353","toprated"
"1jtsRr_39476864","https://ajaxian.com/archives/rolling-a-coke-can-around-with-pure-css","Ajaxian & Rolling a coke can around with pure CSS",33,94504,20100208100626,1136901,"aeris311","toprated"
"1SfYNk_39894234","https://www.toxel.com/inspiration/2010/02/12/trick-photography-with-album-covers/","Trick Photography with Album Covers",5,32274,20100214170837,8662679,"fewer","toprated"
"2vPX3B_39886538","https://thehipsterho.me/2010/01/how-to-make-a-tiny-terrarium-in-a-light-bulb/","The Hipster Home  & Blog Archive   & How to Make a Tiny Terrarium in a Light Bulb",18,63307,20100214170837,9376228,"bubs353","toprated"
"31wJLO_39753093","https://www.beautifullife.info/art-works/remarkable-collection-of-steampunk-sculptures/","Remarkable Collection of Steampunk Sculptures",27,48040,20100214170837,8115618,"Atticus101","toprated"
"1pDu19_39871212","https://www.buzzfeed.com/mjs538/the-gayest-photo-from-the-superbowl/","The Gayest Photo From The Super Bowl [PIC]",21,75573,20100214170837,5996656,"Lindarama","toprated"
"2mt6ey_39943053","https://www.petapixel.com/2010/02/15/scientific-curiosity-captured-in-photos/","Scientific Curiosity Captured in Photos",6,60747,20100217044828,639099,"ray1963","toprated"
"1qrwg9_39951940","https://www.copytaste.com/v582e5g4","&Uncovering The Secrets of Mega S ... | CopyTaste",11,30372,20100217044828,3772544,"Evis03","toprated"
"1kmwaM_39914879","https://www.darkroastedblend.com/2010/02/lots-of-snow.html","Dark Roasted Blend: Lots of Snow!",10,62162,20100217044828,752981,"kamir","toprated"
"6LqXPu_39693591","https://www.mentalfloss.com/blogs/archives/46711","mental_floss Blog & Best Eclipse Photo Ever!",44,148507,20100217044828,9563291,"Lounaistuuli","toprated"
"4P081O_39610202","https://www.presidiacreative.com/21-unbelievable-photographs-of-mars/","21 Unbelievable Photographs of Mars | Presidia Creative",49,130975,20100217044828,7017294,"Brukhar","toprated"
"1kBB8F_39857905","https://shredsomething.wordpress.com/2010/01/22/spoons/","Spoons &  shredsomething",26,93609,20100217044828,2252005,"Anibas","toprated"
"1SfYNk_39928663","https://www.toxel.com/inspiration/2010/02/12/trick-photography-with-album-covers/","Trick Photography with Album Covers",15,81904,20100217044828,2252005,"Anibas","toprated"
"6H3PrD_39842348","https://www.youtube.com/watch?v=gNYZH9kuaYM","A Brief History of Pretty Much Everything",24,52972,20100217044828,351426,"Worzel","toprated"
"81n6q8_39702626","https://www.brasschecktv.com/page/797.html","The enemy is at home",62,77422,20100217044828,313929,"catmum","toprated"
"2Mf7oO_39804358","https://www.telegraph.co.uk/news/picturegalleries/picturesoftheday/7187689/Pictures-of-the-day-8-February-2010.html?image=1","Pictures of the day: 8 February 2010 - Telegraph",18,99424,20100217044828,4732032,"purplegem","toprated"
"2ZnBOQ_40474568","https://9gag.com/gag/19319/","9GAG - Five years old kid",14,19746,20100311064053,6771682,"miketian507","toprated"
"8JaISr_40229244","https://awesome.good.is/transparency/web/1002/almighty-dollar/flat.html","GOOD.is | The Almighty Dollar (Raw Image)",35,65128,20100311064053,650522,"Nutzilla","toprated"
"21mkUE_40318703","https://www.wired.com/autopia/2010/03/porsche-918-spyder/","500-Horsepower Plug-In Porsche Makes Us Swoon | Autopia | Wired.com",17,42473,20100311064053,6425680,"TRENDKILL86","toprated"
"9qU6Dr_40278177","https://www.9kik.com/2010/02/not-very-super-effective.html","9kik: Not Very - Super Effective",46,166007,20100311064053,1530173,"Gener21839","toprated"
"5IASZw_40490511","https://www.webofentertainment.com/2010/03/urban-camouflage.html","Entertainment Web: Urban Camouflage",31,89472,20100311064053,2747229,"elmanco","toprated"
"46HBu6_40641852","https://www.designaside.com/4434/fotografia/tim-macpherson","Designaside & Tim MacPherson",14,50584,20100316193224,6074724,"bec-hi","toprated"
"27P3DC_40244310","https://thedesigninspiration.com/articles/amazing-album-covers-mix-and-match/","Amazing Album Covers Mix and Match | The Design Inspiration",31,186433,20100316193224,3758732,"TalSiach","toprated"
"2M5XCq_40618854","https://wonderfl.net/code/d0dcc2f2d0f8012e42785ef71dab7da2abd5453d/fullscreen","パーティクル崩し | wonderfl build flash online",67,111869,20100316193224,9564741,"felixthestyle","toprated"
"1pwy6l_40416020","https://www.stylecaster.com/news/7758/6-classic-dishes-everyone-should-know-how-to-make","6 Classic Dishes Everyone Should Know How to Make  - StyleCaster",54,177106,20100316193224,5532084,"dhuglas","toprated"
"4bxFKW_40383186","https://beautifulplacestovisit.com/lakes/plitvice-lakes-national-park-croatia/","Plitvice Lakes National Park, Croatia | Beautiful Places to Visit",38,157586,20100316193224,3306571,"thewhizzer","toprated"
"2kW7rm_40192768","https://gimundo.com/videos/view/get-out-a-bizarre-french-animation-with-a-twist/","Get Out: A Bizarre French Animation with a Twist  |  Gimundo  |  Good News... Served Daily",51,173981,20100316193224,3751494,"miranda622","toprated"
"9fjCGC_40219873","https://www.gearfuse.com/real-life-dragon-found-in-indonesia/","GEARFUSE & Real Life Dragon Found in Indonesia",22,121422,20100316193224,3616080,"SofieFaulkner","toprated"
"A48PGO_40573254","https://www.pixlmonster.com/hanguk/kimjong/","North Korea - The Craziest Country in the World",98,263643,20100316193224,1339775,"Anaralia","toprated"
"5IASZw_40616575","https://www.webofentertainment.com/2010/03/urban-camouflage.html","Entertainment Web: Urban Camouflage",44,133299,20100316193224,1446189,"davrobin","toprated"
"2ZnBOQ_40508933","https://9gag.com/gag/19319/","9GAG - Five years old kid",26,50225,20100316193224,4753884,"varg13varg","toprated"
"5nCbq7_40726929","https://mrdoob.com/projects/harmony","Harmony - Procedural drawing tool",36,105079,20100326033756,2665736,"Cryominute","toprated"
"26TdBe_40820621","https://www.designboom.com/weblog/cat/10/view/9567/michelangelo-nintendo-remix.html","michelangelo nintendo remix",8,28045,20100328062314,8325166,"JustinRampage","toprated"
"4qADqR_40868874","https://www.suckatlife.com/smallFavorsCatalog.html","Small Favors Catalog - artwork by Lawrence Yang",14,66295,20100328062314,4732032,"purplegem","toprated"
"5nCbq7_40732140","https://mrdoob.com/projects/harmony","Harmony",40,115015,20100328062314,6916639,"mcbunners","toprated"
"1xE8ly_40827627","https://www.techeblog.com/index.php/tech-gadget/5-of-the-coolest-staircases-ever","TechEBlog & 5 of the Coolest Staircases Ever",19,55134,20100328062314,8176999,"PhotonInstaller","toprated"
"24cOGQ_","https://www.seriouswheels.com/2010/klm/2010-Local-Motors-Rally-Fighter-Side-2-1280x960.htm","2010 Local Motors Rally Fighter - Side 2 - 1280x960 - Wallpaper",11,32923,20100328062314,-1,"Unavailable","toprated"
"4nybKe_40644448","https://www.metro.co.uk/weird/816969-police-hunt-the-midnight-knitter-wool-graffiti-bandit","Police hunt The Midnight Knitter wool graffiti bandit | Metro.co.uk",65,269105,20100328062314,9563291,"Lounaistuuli","toprated"
"5fLPvN_40828932","https://tv.gawker.com/5497311/baby-vs-cat-cute-faceoff-ends-with-more-cute","Baby Vs Cat: Cute Faceoff Ends With More Cute - Baby vs cat - Gawker.TV",6,30666,20100328062314,3964342,"Serinadruid","toprated"
"8i4Xnc_40760745","https://www.destructoid.com/why-you-need-to-be-excited-about-spyparty-167171.phtml","Destructoid - Why you need to be excited about SpyParty",60,160648,20100328062314,2383602,"Fauben","toprated"
"2ridkW_40732727","https://www.buzzfeed.com/desktopdiva/how-to-stop-crying-13o3","How to Stop Crying [PIC]",21,104239,20100328062314,3779736,"jen3113","toprated"
"5ethk4_40797286","https://www.whitevinyldesign.com/solarbeat/","SolarBeat",110,217897,20100328062314,7064619,"hooket","toprated"
"1Qaosd_42930836","https://www.bitmob.com/articles/my-four-year-old-son-plays-grand-theft-auto","My Four-Year-Old Son Plays Grand Theft Auto",54,88833,20100611065011,477261,"ManLemon","toprated"
"2rXSPJ_42824962","https://www.buzzfeed.com/awesomer/an-annotated-guide-to-images-from-the-anti-bp-move","An Annotated Guide To Images From The Anti-BP Movement: Pics, Videos, Links, News",11,25772,20100611065011,2575462,"yobaba","toprated"
"8ql8Ez_42188486","https://www.leenks.com/link274061.html","leenks.com - Harmful Drinks in America",87,207770,20100611065011,8511970,"njb12","toprated"
"1itI9R_42806470","https://altpick.com/willvarnerart","The portfolio of Illustrator Will Varner in NY :  Altpick.com",22,146054,20100611065011,9802879,"AbdelIrada","toprated"
"2UnVL5_42590567","https://www.marisys.com/how-to-forecast-weather_2010-05-26/","How to Forecast Weather |",75,214312,20100611065011,8261628,"audieo57","toprated"
"32MiEZ_42542062","https://www.flickr.com/photos/23522703@N06/4621185616/","wasps on Flickr - Photo Sharing!",17,71463,20100611065011,5826311,"ematt454","toprated"
"1wbXRe_42682343","https://www.deargirlsaboveme.com/","Dear Girls Above Me",63,156237,20100611065011,7865815,"eyoa","toprated"
"1qkZTx_42859570","https://revitalsalomon.blogspot.com/2010/05/cutest-place-on-earth.html","Revital Salomon: The Cutest Place on Earth?",8,24787,20100611065011,9680213,"kembangterbit","toprated"
"2RK0t8_42546226","https://gizmodo.com/5547876/a-python-code-that-makes-any-song-swing","A Python Code That Makes Any Song Swing",17,44762,20100611065011,7537056,"francfrankly","toprated"
"2m79E0_42424579","https://www.forkparty.com/50-yahoo-answers-fails-stupid-questions/2/","50 Yahoo Answers Fails | Fork Party",77,369903,20100611065011,1587752,"danet","toprated"
"1TosEz_44368177","https://www.geeksaresexy.net/2010/07/26/world-problems-solved-pic/","World Problems = Solved! [PIC]",16,21827,20100810213522,520924,"mikayf","toprated"
"1DKeLd_44409775","https://community.livejournal.com/everyday_i_show/80805.html","everyday_i_show: Gregory Peck and Mary BadhamKatharine He",42,146153,20100810213522,3762900,"Chaotiqual","toprated"
"1nbXqs_44586014","https://web.appstorm.net/roundups/15-web-alternatives-to-popular-desktop-software/","15 Web Alternatives to Popular Desktop Software | Web.AppStorm",30,96372,20100810213522,7837126,"insyen","toprated"
"1gzuj5_44558471","https://blog.mattmelvin.com/post/889370180/best-gif-ever-maybe","Matt Melvin",40,154324,20100810213522,6608322,"timalol","toprated"
"78mVFD_44373524","https://www.blogmeariver.com/","oh hai",32,201757,20100810213522,7891290,"celladvisor","toprated"
"4E3RNZ_44602559","https://thefuturebuzz.com/2010/08/02/viral-images-2010/","50 Viral Images The Web Shared In 2010",28,96871,20100810213522,668492,"Beothorn","toprated"
"2JB4Hc_44423522","https://www.huffingtonpost.com/2010/07/31/the-rave-toilet-who-knew_n_666129.html","The Rave Toilet: Who Knew Flushing Glow Sticks Would Be This Awesome?",49,148061,20100810213522,10151723,"texdaytona","toprated"
"2PpfZm_44143294","https://www.mymodernmet.com/profiles/blogs/painting-intoxicated-at-100","Painting Intoxicated at 100 MPH (10 pieces) - My Modern Metropolis",22,64203,20100810213522,1611318,"pixiestick","toprated"
"6fNPrZ_44613639","https://justpaste.it/3ky","Earth from Above   a collection of aerial photograph... - justpaste.it",64,186759,20100810213522,5,"StumbleUpon","toprated"
"2n095Z_44335125","https://www.fubiz.net/2010/07/27/milas-daydreams/","Mila's Daydreams | Fubiz™",80,137238,20100810213522,3196241,"xineann","toprated"
"1BkmQ6_45310671","https://en.vidivodo.com/188787/first-cyborg-of-the-world","Video : first cyborg of the world - Vidivodo",76,98331,20100905122653,9802879,"AbdelIrada","toprated"
"2Tl93y_45249129","https://piccsy.com/2010/08/how-to-draw-an-owl/","Piccsy :: Image Bookmarking :: how to draw an owl",63,157929,20100905122653,584978,"Heggs","toprated"
"A7R6xw_45290775","https://www.1stwebdesigner.com/inspiration/creative-resume-designs/","40 Stunningly Creative Resume Designs on DeviantArt",15,43529,20100905122653,7837126,"Suzumiya-Haruhi","toprated"
"2FY6Ib_45197559","https://www.animaltalk.us/man-built-a-sanctuary-for-homeless-cats/","Man Built a Sanctuary for Homeless Cats — Animal Talk",27,92482,20100905122653,5531842,"noyeska","toprated"
"1toLx5_45254443","https://www.hipsterhitler.com/","Hipster Hitler",54,114828,20100905122653,584978,"Heggs","toprated"
"1BuJWg_44759106","https://americandad247.blogspot.com/","American Dad 24/7",19,19603,20100905122653,10474229,"johavi","toprated"
"3ngWsL_45555634","https://www.ugcs.caltech.edu/~deepthi/If_on_a_winter%27s_night_a_traveler.html","If on a winters night a traveler - Wikipedia, the free encyclopedia",23,22786,20100909053847,4713142,"ninjablonde","toprated"
"1BkmQ6_45227462","https://en.vidivodo.com/188787/first-cyborg-of-the-world","Video : first cyborg of the world - Vidivodo",86,108035,20100909053847,6615472,"Trustthapo","toprated"
"1bu5MB_44993907","https://piccsy.com/2010/08/truth-hurts/","Piccsy :: Image Bookmarking :: Truth hurts.",71,48223,20100909053847,1560032,"4ntisocial","toprated"
"1vpSSI_45118020","https://www.instantshift.com/2010/08/24/88-brilliant-examples-of-forced-perspective-photography/","88 Brilliant Examples of Forced Perspective Photography | Inspiration | instantShift",60,233520,20100909053847,7259863,"Jamal82","toprated"
"1SwgxY_45197541","https://www.dailydawdle.com/2010/08/top-10-examples-of-brilliant-shadow-art.html","Top 10 examples of brilliant shadow art (Pic) | Daily Dawdle",35,212603,20100909053847,4910983,"PoetryDude","toprated"
"1k1YZK_45598480","https://rawkes.com/experiments/google-bouncing-balls-canvas/","Googles Bouncing Balls | HTML5 Canvas | Rob Hawkes",17,36558,20100913144256,5755564,"robhawkes","toprated"
"2O3L2A_45527410","https://www.youtube.com/watch?v=owP3cHrp3b0","Japanese Precision",11,40763,20100913144256,7837126,"Suzumiya-Haruhi","toprated"
"1vpSSI_45151096","https://www.instantshift.com/2010/08/24/88-brilliant-examples-of-forced-perspective-photography/","88 Brilliant Examples of Forced Perspective Photography | Inspiration | instantShift",66,253000,20100913144256,7204148,"bart-gatsby","toprated"
"1BFNmK_45592832","https://www.webdesignmash.com/2010/08/let-them-eat-cake-gorgeously-designed-cakes/","Let Them Eat Cake - Gorgeously Designed Cakes",34,58375,20100913144256,6926892,"ilovecoolstuff","toprated"
"209fO3_45364082","https://giantgummybears.com/","Worlds Largest Gummi Bears! TM and Giant Gummy Bears - The Original Manufacturer",36,109164,20100913144256,396874,"MatthewTie","toprated"
"2Oiyja_45768008","https://funpics.classicfun.ws/index.php/Funpics/Grandad-remembering-the-good-old-days","Photo :: Grandad remembering the good old days",24,190874,20100916193123,1923105,"mad-toilet","toprated"
"31mk6j_45518477","https://www.boingboing.net/2010/09/05/snakebot-inspires-dr.html","Snakebot inspires dreams, haunts nightmares  - Boing Boing",14,29284,20100916193123,6415575,"tambu7","toprated"
"2O3L2A_45808911","https://www.youtube.com/watch?v=owP3cHrp3b0","Japanese Precision",23,68524,20100916193123,2043622,"alainjournalist","toprated"
"1BkmQ6_45711738","https://en.vidivodo.com/188787/first-cyborg-of-the-world","Video : first cyborg of the world - Vidivodo",96,127222,20100916193123,9768880,"turtlestep","toprated"
"1BFNmK_45807044","https://www.webdesignmash.com/2010/08/let-them-eat-cake-gorgeously-designed-cakes/","Let Them Eat Cake - Gorgeously Designed Cakes",39,69017,20100916193123,7760683,"jnagle","toprated"
"A7R6xw_45497800","https://www.1stwebdesigner.com/inspiration/creative-resume-designs/","40 Stunningly Creative Resume Designs on DeviantArt",31,77266,20100916193123,7865226,"barryr666","toprated"
"1HP74J_46066675","https://www.mymodernmet.com/profiles/blogs/van-goghs-paintings-get","Van Goghs Paintings Get Tilt-Shifted (12 pics) - My Modern Metropolis",9,14367,20100924124313,886828,"imjeef1535","toprated"
"3ngWsL_45672722","https://www.ugcs.caltech.edu/~deepthi/If_on_a_winter%27s_night_a_traveler.html","If on a winters night a traveler - Wikipedia, the free encyclopedia",39,50668,20100924124313,8148828,"Anameroma","toprated"
"1k1YZK_45720652","https://rawkes.com/experiments/google-bouncing-balls-canvas/","Googles Bouncing Balls | HTML5 Canvas | Rob Hawkes",23,56812,20100924124313,6198146,"WalnutSoap","toprated"
"2Oiyja_45659628","https://funpics.classicfun.ws/index.php/Funpics/Grandad-remembering-the-good-old-days","Grandad remembering the good old days",37,259526,20100924124313,4868191,"speedybright","toprated"
"29EMpW_45307928","https://thestar.blogs.com/photodesk/2010/08/the-daily-beast-august-29-2010.html","From the Photo Desk",27,129837,20100924124313,8918412,"Tracy303","toprated"
"1HP74J_46082583","https://www.mymodernmet.com/profiles/blogs/van-goghs-paintings-get","Van Goghs Paintings Get Tilt-Shifted (12 pics) - My Modern Metropolis",43,81531,20100929230756,4162560,"rtechnix","toprated"
"1Mqvcr_45990476","https://anasomnia.com/","Ana Somnia - lights out!",50,107674,20100929230756,918579,"tenbux","toprated"
"1A2DZE_45757954","https://designshack.co.uk/articles/graphics/10-tips-for-designing-presentations-that-dont-suck-pt-1","10 Tips for Designing Presentations That Don't Suck: Pt.1  |  Design Shack",35,133959,20100929230756,471286,"JMac81","toprated"
"AqziRP_46069714","https://kotaku.com/5643389/the-pokmon-movie-for-grown+ups","The Pokémon Movie For Grown-Ups",21,62482,20100929230756,11026888,"hngryGenghis","toprated"
"250dL8_46398152","https://triggerpit.com/2010/09/20/sequoia-the-ancient-giants/","triggerpit | triggerpit.com",35,122084,20101007201501,7865226,"barryr666","toprated"
"4ljNnH_45826203","https://andrewsullivan.theatlantic.com/the_daily_dish/2010/09/an-apology-from-marty-contd.html","Chart Of The Day -     The Daily Dish | By Andrew Sullivan",26,64209,20101007201501,2461206,"mamday","toprated"
"1znBdN_45927833","https://www.funzug.com/index.php/nature/amazing-sight-in-the-south-pacific.html","Funzug.com | Amazing Sight in the South Pacific | Ash, Ocean, Island, Imagine, Being",68,327193,20101010104601,4907146,"felisd","toprated"
"25IYtS_45867140","https://www.milehighicecream.com/","Mile High Ice Cream - The Best Medical Marijuana Ice Cream in Colorado!",8,24898,20101010104601,6352954,"truth1111","toprated"
"AqziRP_46445885","https://kotaku.com/5643389/the-pokmon-movie-for-grown+ups","The Pokémon Movie For Grown-Ups",34,107571,20101010104601,6765063,"TSLefler","toprated"
"27Uvvw_46598808","https://www.dump.com/2010/10/09/sesame-street-does-old-spice-parody-with-grover-video/","Sesame Street Does Old Spice Parody With Grover [VIDEO] &  Family Friendly Videos",25,86821,20101012065903,2033096,"Teddy-Bear-Man","toprated"
"18b0xQ_46556609","https://www.flipwallpapers.com/view/image16-1366x768.html","image16",4,35001,20101012065903,1349898,"Elspeth","toprated"
"2aVy9w_46144848","https://www.geek.com/articles/geek-cetera/this-time-lapse-montage-will-blow-your-mind-20100925/","This time-lapse montage will blow your mind | Geek.com",38,104393,20101012065903,8687901,"Skreeran","toprated"
"4ljNnH_46512983","https://andrewsullivan.theatlantic.com/the_daily_dish/2010/09/an-apology-from-marty-contd.html","Chart Of The Day -     The Daily Dish | By Andrew Sullivan",29,69542,20101012065903,2326041,"benadamx","toprated"
"2H1DZL_46107805","https://thesocietypages.org/socimages/2010/09/22/gentle-public-activism-magnussons-i-75-project","Gentle, Public Activism: Magnusson's I-75 Project  &  Sociological Images",20,34178,20101012065903,11586245,"halcyonmeadows","toprated"
"1HP74J_46314471","https://www.mymodernmet.com/profiles/blogs/van-goghs-paintings-get","Van Goghs Paintings Get Tilt-Shifted (12 pics) - My Modern Metropolis",65,155168,20101012065903,3848635,"schrm","toprated"
"2aVy9w_46882276","https://www.geek.com/articles/geek-cetera/this-time-lapse-montage-will-blow-your-mind-20100925/","This time-lapse montage will blow your mind | Geek.com",44,106548,20101024032249,10482159,"globetrooper","toprated"
"2zoiAh_46851249","https://www.inpic.ru/image/4487/","Горные козы / Интересные изображения и фотографии / InPic",43,204351,20101024032249,870605,"khayfer","toprated"
"2iJOBW_46246341","https://piccsy.com/2010/09/passports-1b2c2/","Piccsy :: Image Bookmarking :: PASSPORTS",20,76393,20101024032249,2314192,"OrganicDiva","toprated"
"2iJOBW_46205603","https://piccsy.com/2010/09/passports-1b2c2/","Piccsy :: Image Bookmarking :: PASSPORTS",20,78926,20101028065354,11336753,"Brittanyls","toprated"
"67Wu1N_46253612","https://www.cbc.ca/technology/story/2010/09/29/science-habitable-exoplanet-gliese.html","CBC News - Technology & Science - 1st habitable distant planet found",27,77628,20101028065354,1461909,"CplClegg","toprated"
"2zoiAh_46775897","https://www.inpic.ru/image/4487/","Горные козы / Интересные изображения и фотографии / InPic",51,243984,20101028065354,1077288,"MimeyNaomi","toprated"
"250dL8_46291457","https://triggerpit.com/2010/09/20/sequoia-the-ancient-giants/","Sequoias - The Ancient Giants | triggerpit.com",50,152588,20101028065354,5449548,"Mariaglenn","toprated"
"1WogA5_46509008","https://www.dailymail.co.uk/sciencetech/article-1318795/Feeling-chipper-wood-ant-caught-bringing-science-life.html","Feeling chipper, the wood ant caught bringing science to life  | Mail Online",20,66500,20101028065354,2037582,"SAPERE","toprated"
"AJlO5i_47143374","https://www.yankodesign.com/2010/10/18/exit-made-easy/","REDesign Exit Door by Chen Guan-Yuan & Yanko Design",13,73947,20101104235908,8391758,"mrfampus","toprated"
"AhUdim_46613267","https://www.photosight.ru/photo/alone/3939515/","В ладонях гор - Раздел пейзаж - Фотография на фотосайте",33,145222,20101104235908,10895544,"BlackS0nia","toprated"
"27Uvvw_46624710","https://www.dump.com/2010/10/09/sesame-street-does-old-spice-parody-with-grover-video/","http://www.dump.com/2010/10/09/sesame-street-does-old-spice-parody-with-grover-video/",40,151924,20101104235908,6706197,"crazydude360","toprated"
"18b0xQ_46678689","https://www.flipwallpapers.com/view/image16-1366x768.html","image16",29,108463,20101104235908,5301043,"fldav76","toprated"
"2zoiAh_46851865","https://www.inpic.ru/image/4487/","Горные козы / Интересные изображения и фотографии / InPic",61,301869,20101104235908,1896367,"Flips99","toprated"
"7CNUuG_46593952","https://www.yankodesign.com/2010/09/29/one-perfect-cup/","One Glass for Every Drink by Sven MILCENT & Utopik Design Lab & Yanko Design",27,108308,20101104235908,4907146,"felisd","toprated"
"2WFqSs_47071142","https://www.alternet.org/reproductivejustice/148607/what_happened_when_i_yelled_back_at_the_%22christians%22_calling_my_wife_a_murderer?page=entire","What Happened When I Yelled Back at the ""Christians"" Calling My Wife a Murderer | Reproductive Justice | AlterNet",45,36307,20101110151624,2920577,"TheRareZilla","toprated"
"2kfVk6_47357666","https://listverse.com/2010/11/04/10-strange-things-about-the-universe/","10 Strange Things About The Universe - Top 10 Lists | Listverse",38,181984,20101110151624,1474989,"teknek","toprated"
"AJlO5i_47371839","https://www.yankodesign.com/2010/10/18/exit-made-easy/","REDesign Exit Door by Chen Guan-Yuan & Yanko Design",19,89544,20101110151624,1299067,"ionysus","toprated"
"19RFwQ_47181552","https://www.icantfindmyphone.com/","I Cant Find My Phone",77,127382,20101110151624,4851114,"pasatter","toprated"
"1YsqVq_47661442","https://www.threadless.com/submission/308022/the_goodbye_shirt","the goodbye shirt",3,37645,20101115200426,11059906,"Buggy212","toprated"
"2272Pd_47210057","https://bestoftheblogs.com/Home/33919","8 Lies Republicans Want Us To Believe",36,49210,20101115200426,1993169,"alice44","toprated"
"1YsqVq_47695824","https://www.threadless.com/submission/308022/the_goodbye_shirt","the goodbye shirt",15,68081,20101119121500,1376860,"ContentWanderer","toprated"
"AJlO5i_47598815","https://www.yankodesign.com/2010/10/18/exit-made-easy/","REDesign Exit Door by Chen Guan-Yuan & Yanko Design",27,115270,20101119121500,9676215,"erichmond","toprated"
"2yaNdL_47722820","https://justpaste.it/5ko","Still Looking For Paradise?   Maldives - absolutely ... - justpaste.it",67,263188,20101125161218,2183034,"intol","toprated"
"2yaNdL_48009233","https://justpaste.it/5ko","Still Looking For Paradise?   Maldives - absolutely ... - justpaste.it",73,273164,20101126201952,7837126,"Suzumiya-Haruhi","toprated"
"1YsqVq_47851944","https://www.threadless.com/submission/308022/the_goodbye_shirt","http://www.threadless.com/submission/308022/the_goodbye_shirt",24,109988,20101126201952,470557,"jellyfishjuice","toprated"
"2KY2Gv_47282326","https://whatthefuckhasobamadonesofar.com/","What the fuck has Obama done so far?",98,42917,20101126201952,2575462,"yobaba","toprated"
"8AIoeT_47330801","https://www.designer-daily.com/tapi-by-dreamfarm-10886","Tapi by Dreamfarm",21,57386,20101126201952,1951252,"mirkohumbert","toprated"
"2QNZ7o_47146177","https://www.geek.com/articles/geek-cetera/this-time-lapse-montage-will-blow-your-mind-20100925/comment-page-1","This time-lapse montage will blow your mind | Geek.com",32,117329,20101126201952,5078110,"ed1t","toprated"
"2lE9qw_48140402","https://gizmodo.com/5701541/humans-can-only-walk-in-circles-and-we-dont-know-why","Humans Can Only Walk In Circles and We Dont Know Why",14,76735,20101201005127,1896177,"Ambral-Blue","toprated"
"2xet8D_","https://www.buzzfeed.com/dinoi/a-proud-moment-dj0","A Proud Moment [PIC]",7,33327,20101201005127,-1,"Unavailable","toprated"
"5m0P0E_47236864","https://lifehacker.com/5676149/how-to-ditch-big-brother-and-disappear-forever","How to Ditch Big Brother and Disappear Forever",23,302619,20101201005127,5075645,"eccentrix","toprated"
"2BaQi8_47664850","https://nymag.com/daily/intel/2010/11/fourteen_year-old_michigan_stu.html","Fourteen-Year-Old Michigan Student Awesomely Stands Up for Suspended, Gay-Defending Teacher -- Daily Intel",37,38450,20101201005127,2920577,"TheRareZilla","toprated"
"2yaNdL_48062329","https://justpaste.it/5ko","Still Looking For Paradise?   Maldives - absolutely ... - justpaste.it",81,314974,20101201005127,6418978,"teripiper","toprated"
"5m0P0E_48208034","https://lifehacker.com/5676149/how-to-ditch-big-brother-and-disappear-forever","How to Ditch Big Brother and Disappear Forever",24,312583,20101205031202,1371940,"bhartzer","toprated"
"2uhUvv_47911568","https://www.virtualshackles.com/163","Virtual Shackles - Expert Mode",37,233716,20101205031202,2383602,"Fauben","toprated"
"2kfVk6_47534454","https://listverse.com/2010/11/04/10-strange-things-about-the-universe/","10 Strange Things About The Universe",69,322497,20101205031202,4852957,"tsjhkjthksjhsdfs","toprated"
"2yaNdL_48208066","https://justpaste.it/5ko","Still Looking For Paradise? Maldives - justpaste.it",89,338324,20101205031202,1371940,"bhartzer","toprated"
"4Ykqm6_47417576","https://www.geekosystem.com/fake-capsizing-boat/","Fake Capsizing Boat | Geekosystem",77,526497,20101205031202,5884386,"SuSrsBzns","toprated"
"2NCuLN_47614148","https://marekdenko.net/3dgallery/044/buggy.html","marekdenko.net | Buggy series project",27,73237,20101205031202,2441992,"bugminer","toprated"
"1YsqVq_47713102","https://www.threadless.com/submission/308022/the_goodbye_shirt","the goodbye shirt",27,112390,20101205031202,7665485,"ManiacMegan","toprated"
"18Jur4_48403940","https://nextround.net/2010/11/abe-lincoln-with-an-assault-rifle-riding-a-grizzly","Abe Lincoln With An Assault Rifle Riding A Grizzly | NextRound.net",12,48949,20101210085522,1371940,"bhartzer","toprated"
"2tPZMJ_48360128","https://twistedsifter.com/2010/11/picture-of-the-day-coolest-stage-ever-nov-29-2010/","Picture of the Day: Coolest. Stage. Ever | Nov 29, 2010",15,182583,20101210085522,1371940,"bhartzer","toprated"
"2pwkTW_48332876","https://www.halolz.com/2010/12/02/tf2-old-spice/","Hello Heavies. Look at your Medic. Now back to me. : Halolz",12,53025,20101210085522,1371940,"bhartzer","toprated"
"2NCuLN_48360192","https://marekdenko.net/3dgallery/044/buggy.html","marekdenko.net | Buggy series project",31,75973,20101210085522,1371940,"bhartzer","toprated"
"1YsqVq_48332905","https://www.threadless.com/submission/308022/the_goodbye_shirt","the goodbye shirt",30,126581,20101210085522,1371940,"bhartzer","toprated"
"2lE9qw_48207857","https://gizmodo.com/5701541/humans-can-only-walk-in-circles-and-we-dont-know-why","Humans Can Only Walk In Circles and We Dont Know Why",34,109266,20101210085522,1371940,"bhartzer","toprated"
"2xet8D_48207987","https://www.buzzfeed.com/dinoi/a-proud-moment-dj0","A Proud Moment [PIC]",17,69565,20101210085522,1371940,"bhartzer","toprated"
"2uhUvv_48360254","https://www.virtualshackles.com/163","Virtual Shackles - Expert Mode",42,260693,20101210085522,1371940,"bhartzer","toprated"
"2BaQi8_48208039","https://nymag.com/daily/intel/2010/11/fourteen_year-old_michigan_stu.html","Fourteen-Year-Old Michigan Student Awesomely Stands Up for Suspended, Gay-Defending Teacher -- Daily Intel",40,38837,20101210085522,1371940,"bhartzer","toprated"
"2yaNdL_48369944","https://justpaste.it/5ko","Still Looking For Paradise? Maldives - justpaste.it",97,366937,20101210085522,5,"StumbleUpon","toprated"
"4YKCRp_48476555","https://www.omegleconversations.com/urinate-in-catless-peace.html","Urinate in Catless Peace",15,150745,20101222232350,7826548,"enabledaaron","toprated"
"2rchGZ_48691871","https://www.geek.com/articles/geek-cetera/this-guy-trusts-his-own-tech-puts-finger-into-table-saw-blade-20101211/","This guy trusts his own tech, puts finger into table saw blade | Geek.com",17,72725,20101222232350,13215466,"rkrasnic","toprated"
"1xHj91_","https://gizmodo.com/5710367/kids-of-today-just-kill-me-the-sledding-bungee-jump-edition","Kids of Today Just Kill Me: the Sledding Bungee Jump Edition",6,34842,20101222232350,-1,"Unavailable","toprated"
"3KTauZ_48479394","https://www.onlineblackjack.com/blog/what-are-the-chances-infographic/","What Are The Chances Infographic",63,360858,20101222232350,7181415,"Vtup","toprated"
"1OIY2d_48781034","https://www.boingboing.net/2010/12/10/british-schoolboys-a.html","British schoolboys amazing speech on social justice - Boing Boing",17,28209,20101222232350,10122229,"hallwriting","toprated"
"7Oayc8_48906595","https://gizmodo.com/5717796/this-machine-fills-up-beer-from-the-bottom","This Machine Fills Up Beer from the Bottom of the Glass",5,41848,20101228021451,10109551,"kylehharvey","toprated"
"3G6auL_48613702","https://kottke.org/10/12/abbey-sidewalk","Abbey sidewalk",24,191690,20101228021451,10020556,"karodrun528","toprated"
"2gOofn_48637079","https://www.youtube.com/watch?v=Kk9oa_PiXAk","New Mario Bros. Movie Trailer | The Game Station Exclusive!",24,59960,20101228021451,7865226,"barryr666","toprated"
"1jdqXW_48775993","https://nerdbastards.com/2010/12/20/trollquotes-3-easy-steps-to-pissing-nerds-off/","nerdbastards.com | [UPDATE: Due To Overwelming Response NB Has Launced Trollquotes.com) Trollquotes - 3 Easy Steps to Pissing Nerds Off",13,28855,20101228021451,6985202,"TWXX","toprated"
"4W6hoB_48639865","https://lifehacker.com/5711682/most-popular-photography-tips-tricks-and-hacks-of-2010","Most Popular Photography Tips, Tricks, and Hacks of 2010",8,185901,20101228021451,7837126,"Suzumiya-Haruhi","toprated"
"2XTlAQ_","https://www.simpledisorder.com/154","Simple Disorder :: Between 18 and 22",19,133377,20101228021451,-1,"Unavailable","toprated"
"3hNOZu_48757613","https://grantkot.com/MPM/Liquid.html","MPM Demo",20,208609,20101228021451,8483320,"barsonzola","toprated"
"2a0KE2_48720520","https://www.geek.com/articles/geek-cetera/insanely-cool-stop-motion-animation-made-with-a-blanket-and-a-few-thousand-coins-20101217/","Insanely cool stop-motion animation made with a blanket and a few thousand coins | Geek.com",19,50863,20101228021451,7181415,"Vtup","toprated"
"23ascQ_48541432","https://picchore.com/clever/drunk-octopus/","Drunk Octopus Wants to Fight You Bathroom Graffiti",33,400009,20101228021451,827273,"TheZoner","toprated"
"1M8796_48634111","https://gizmodo.com/5713664/this-great-ebay-scam-will-warm-your-heart","This Great eBay Scam Will Warm Your Heart",33,87021,20101228021451,6857689,"Kmallon","toprated"
"6bOJYi_49468004","https://www.slightlywarped.com/crapfactory/curiosities/2011/january/of_all_the_people_in_all_the_world.htm","Curiosities: Of All The People In All The World",10,81655,20110115161232,2337423,"SketchSepahi","toprated"
"9YbfPg_49407933","https://www.youtube.com/watch?v=sv3tadz5Q3o","""Fuck you"" Sign language performance",8,20437,20110115161232,6298000,"Vegemighty","toprated"
"1DQZYx_49058222","https://www.newscientist.com/article/dn18886","Impossible motion trick wins Illusion Contest - physics-math - 11 May 2010 - New Scientist",15,51582,20110115161232,9156781,"eipinegative1","toprated"
"1Y08pl_48717309","https://www.duelinganalogs.com/blog/2010/12/17/rockstars-amazing-facial-expression-technology","Rockstar's Amazing Facial Expression Technology - Dueling Analogs",55,319189,20110115161232,2977877,"dark13ness","toprated"
"2CK83G_49544871","https://www.cracked.com/article_18939_8-stupid-amazon-products-with-impressively-sarcastic-reviews.html","8 Stupid Amazon Products With Impressively Sarcastic Reviews | Cracked.com",17,238625,20110115161232,5,"StumbleUpon","toprated"
"1wn4U8_49568881","https://thepioneerwoman.com/tasty-kitchen-blog/2011/01/step-by-step-amazing-spiced-chai-concentrate","Step-by-Step: Amazing Spiced Chai Concentrate &  Tasty Kitchen Blog",3,134316,20110120073830,12147183,"greenbacksgal","toprated"
"1HjuCM_49446433","https://gizmodo.com/5730175/the-most-inspirational-unofficial-nasa-commercial-ever","The Most Inspirational Unofficial NASA Commercial Ever",15,63087,20110120073830,929665,"Phayder92889","toprated"
"2Gykig_48838112","https://www.slightlywarped.com/crapfactory/curiosities/2010/frozen_lighthouse.htm","Curiosities: The Frozen Lighthouse",35,142947,20110120073830,12218610,"bettywins","toprated"
"7Y35R4_49006642","https://kotaku.com/5715805/","My Blackberry Is Not Working And Other Fine British Puns",20,138317,20110120073830,7369540,"fanaticposts","toprated"
"73AzyA_","https://www.boingboing.net/2011/01/13/unusual-safety-certi.html","Unusual ""safety certificate"" from the 1940s - Boing Boing",13,146094,20110120073830,-1,"Unavailable","toprated"
"9YbfPg_49635445","https://www.youtube.com/watch?v=sv3tadz5Q3o","""Fuck you"" Sign language performance",30,97807,20110120073830,11981626,"7takearisk7","toprated"
"6bOJYi_49703690","https://www.slightlywarped.com/crapfactory/curiosities/2011/january/of_all_the_people_in_all_the_world.htm","Curiosities: Of All The People In All The World",29,327196,20110128084452,982306,"Loz8188","toprated"
"73AzyA_49931421","https://www.boingboing.net/2011/01/13/unusual-safety-certi.html","Unusual ""safety certificate"" from the 1940s - Boing Boing",14,148267,20110128084452,7665485,"ManiacMegan","toprated"
"9YbfPg_49913831","https://www.youtube.com/watch?v=sv3tadz5Q3o","""Fuck you"" Sign language performance",43,144130,20110128084452,2637225,"clownassasin","toprated"
"2p248X_49491641","https://gizmodo.com/5731946/pilot-stops-plane-for-family-of-murdered-son","Pilot Stops Plane for Family of Murdered Child",18,87460,20110128084452,10230180,"Thayrion","toprated"
"1HjuCM_49917386","https://gizmodo.com/5730175/the-most-inspirational-unofficial-nasa-commercial-ever","The Most Inspirational Unofficial NASA Commercial Ever",16,64186,20110128084452,5,"StumbleUpon","toprated"
"26xi8K_49580542","https://www.geek.com/articles/geek-cetera/girl-proves-texting-is-distracting-by-falling-in-mall-fountain-20110115/","Girl proves texting is distracting by falling in mall fountain | Geek.com",12,43775,20110201021103,3047846,"browncoat1","toprated"
"6bOJYi_49645923","https://www.slightlywarped.com/crapfactory/curiosities/2011/january/of_all_the_people_in_all_the_world.htm","Curiosities: Of All The People In All The World",33,350890,20110201021103,11734938,"Ariskar","toprated"
"21JjDQ_50051279","https://access.ewu.edu/CAPS/SelfHelp/StressManage/DistortThink.xml","EWU | 15 Styles of Distorted Thinking",14,226476,20110205011851,4315697,"javamanjoe","toprated"
"7eG1aj_49498128","https://www.litmanlive.co.uk/blog/2010/12/assange-vs-zuckerberg/","Assange vs. Zuckerberg | litmanlive.co.uk",88,253096,20110205011851,929665,"Phayder92889","toprated"
"26xi8K_49612720","https://www.geek.com/articles/geek-cetera/girl-proves-texting-is-distracting-by-falling-in-mall-fountain-20110115/","Girl proves texting is distracting by falling in mall fountain | Geek.com",12,45200,20110208235232,1817492,"Tecfan","toprated"
"1wG6PE_49813878","https://www.keanuisimmortal.com/","Keanu Reeves is immortal",29,141687,20110208235232,12404563,"Gamdalf","toprated"
"1wn4U8_49948624","https://thepioneerwoman.com/tasty-kitchen-blog/2011/01/step-by-step-amazing-spiced-chai-concentrate","Step-by-Step: Amazing Spiced Chai Concentrate &  Tasty Kitchen Blog",7,177366,20110208235232,5,"StumbleUpon","toprated"
"1vuYm3_50428447","https://blogs.denverpost.com/captured/2011/02/07/captured-the-ruins-of-detroit/2672/","Captured: The Ruins of Detroit | Plog — World news photography, Photos — The Denver Post",4,34482,20110210095909,3848635,"schrm","toprated"
"1K3h5v_49946843","https://www.dailymail.co.uk/news/article-1350686/Glowing-dark-Eerie-phenomenon-turned-swimmers-brighter-shade-blue.html","Glowing in the dark: Eerie phenomenon turned swimmers brighter shade of blue  | Mail Online",23,223983,20110210095909,8443597,"NeaJoy","toprated"
"1m0V2G_50001098","https://https://groups.google.com/group/talk.origins/msg/7037bc7fcaf682bd","&Should &intelligent design& be taught in schools? I say absolutely.& -- Joseph Meert, asst. prof., geological sciences, U. Florida -  talk.origins |  Google Groups",7,18682,20110210095909,929665,"Phayder92889","toprated"
"1m0V2G_50612026","https://https://groups.google.com/group/talk.origins/msg/7037bc7fcaf682bd","&Should &intelligent design& be taught in schools? I say absolutely.& -- Joseph Meert, asst. prof., geological sciences, U. Florida -  talk.origins |  Google Groups",9,19337,20110224040456,10122229,"hallwriting","toprated"
"21JjDQ_50391023","https://access.ewu.edu/CAPS/SelfHelp/StressManage/DistortThink.xml","EWU | 15 Styles of Distorted Thinking",33,408455,20110301003451,5,"StumbleUpon","toprated"
"2l2Ras_49793083","https://www.explosm.net/comics/2295/","Cyanide &Happiness #2295 - Explosm.net",38,148319,20110301003451,2043622,"alainjournalist","toprated"
"88mHKn_50154682","https://www.cleverthingstosay.com/2010/01/28/space-and-the-y-axis/","http://www.cleverthingstosay.com/2010/01/28/space-and-the-y-axis/",13,67846,20110307053740,4526695,"80sBaby","toprated"
"3PAn0m_50224190","https://www.good.is/post/protesters-are-awesome-look-at-this-beautiful-photo-of-christians-protecting-praying-muslims-in-egypt/","Protesters Are Awesome: Look at This Beautiful Photo of Christians Protecting Praying Muslims in Egypt - Culture - GOOD",34,64984,20110307053740,8320851,"good","toprated"
"1UzhKJ_49705503","https://www.todayifoundout.com/index.php/2011/01/10-fascinating-food-facts/","10 Fascinating Food Facts",24,230984,20110307053740,2919939,"Crnii","toprated"
"198bOF_51342718","https://candychang.com/before-i-die-in-nola/","Before I Die&#8230; in NOLA &  Candy Chang",18,133424,20110309073142,567192,"jamesbarratt","toprated"
"198bOF_51358109","https://candychang.com/before-i-die-in-nola/","Before I Die&#8230; in NOLA &  Candy Chang",22,169128,20110312023606,9984354,"Slocum66","toprated"
"1qaL99_49966165","https://picchore.com/incredible/future-genius/","Future Genius - Baby Devises Ingenius Plan to Climb Over Baby Gate [Animated GIF]",58,371623,20110312023606,7455181,"vorstaltd","toprated"
"1vuYm3_50618960","https://blogs.denverpost.com/captured/2011/02/07/captured-the-ruins-of-detroit/2672/","Captured: The Ruins of Detroit | Plog — World news photography, Photos — The Denver Post",47,153521,20110317110556,4652939,"kiandthemags","toprated"
"2XD5go_50187706","https://www.ted.com/talks/jake_shimabukuro_plays_bohemian_rhapsody.html","Jake Shimabukuro plays &Bohemian Rhapsody& | Video on TED.com",67,482185,20110317110556,1808057,"saboma","toprated"
"198bOF_51611883","https://candychang.com/before-i-die-in-nola/","Before I Die&#8230; in NOLA &  Candy Chang",36,259111,20110317110556,6615472,"Trustthapo","toprated"
"5TqJMr_50761435","https://www.mymodernmet.com/profiles/blogs/the-girl-who-loves-to-levitate","The Girl Who Loves to Levitate (14 photos) - My Modern Metropolis",48,311075,20110317110556,2002035,"laryang982","toprated"
"531U41_51784490","https://sprki.com/joystick.html","Joystick",47,186740,20110324043005,7608215,"cory314","toprated"
"5TqJMr_51703015","https://www.mymodernmet.com/profiles/blogs/the-girl-who-loves-to-levitate","The Girl Who Loves to Levitate (14 photos) - My Modern Metropolis",56,366137,20110324043005,27,"CH","toprated"
"2AtfTc_50481119","https://www.zadan.nl/pics/pokewtf/","Poke-m-my-god-what-is-that",86,556541,20110324043005,3616080,"ToeTagJaneDoe","toprated"
"2OmVG1_51783833","https://www.zadan.nl/pics/mount/","Mt Roraima, Venezuela (pic)",29,222272,20110324043005,6896810,"djuradjura","toprated"
"2NWBXe_51089030","https://politicalirony.com/2011/02/21/fair-and-balanced/","Political Irony & Fair and Balanced",23,59271,20110324043005,2314457,"kismet72","toprated"
"ACS5Qw_51201619","https://knstrct.com/2011/03/travel-norway-the-architectural-way/","Account Suspended",20,73709,20110324043005,5576721,"norseye","toprated"
"2xTBFG_50971554","https://www.gifsoup.com/view/2050260/how-to-catch-a-baby.html","How To Catch A Baby Animated GIF | Cute GIFs - GIFSoup.com",24,91014,20110407012846,10644932,"Le0nK","toprated"
"198bOF_51893429","https://candychang.com/before-i-die-in-nola/","Before I Die &  Candy Chang",87,716792,20110412063539,5,"StumbleUpon","toprated"
"2zJiR7_52326172","https://www.informationisbeautiful.net/visualizations/radiation-dosage-chart/","Radiation Dosage Chart",63,390545,20110413053728,6425680,"TRENDKILL86","toprated"
"3PgvXr_51331324","https://www.popsci.com/technology/article/2011-03/video-goateed-geminoid-robot-guaranteed-freak-you-out","Video: Japan's New Goateed Geminoid Robot Is Uncomfortably Realistic | Popular Science",19,52305,20110413053728,3216065,"ElDave","toprated"
"ACS5Qw_51673864","https://knstrct.com/2011/03/travel-norway-the-architectural-way/","Travel Norway. The Architectural Way. &",24,105065,20110413053728,15338672,"eatmyhandbag","toprated"
"2Ly49L_52153754","https://www.mizozo.com/weird/03/2011/28/a-man-and-his-unusual-pets.html","A Man And His Unusual Pets",15,108516,20110413053728,1501324,"fxtl","toprated"
"531U41_51781574","https://sprki.com/joystick.html","Joystick",66,369091,20110413053728,9818520,"abigfatphony","toprated"
"7aFBgD_51634006","https://www.desiretoinspire.net/blog/2011/3/2/a-week-of-stalking-wednesday-in-the-big-city-inner-city.html","desire to inspire - desiretoinspire.net - A week of stalking - Wednesday in the big city inner&city",15,104263,20110417055018,6947096,"PuffTMD","toprated"
"3PgvXr_52648415","https://www.popsci.com/technology/article/2011-03/video-goateed-geminoid-robot-guaranteed-freak-you-out","Video: Japan's New Goateed Geminoid Robot Is Uncomfortably Realistic | Popular Science",21,52609,20110417055018,5,"StumbleUpon","toprated"
"2OmVG1_52068213","https://www.zadan.nl/pics/mount/","Mt Roraima, Brasil, Guyana and Venezuela (pic)",94,777581,20110421023726,6146891,"litbitofsonshine","toprated"
"2zJiR7_52641964","https://www.informationisbeautiful.net/visualizations/radiation-dosage-chart/","Radiation Dosage Chart",73,447742,20110421023726,5,"StumbleUpon","toprated"
"531U41_52696627","https://sprki.com/joystick.html","Joystick",73,420901,20110426075444,13609876,"lightingever7","toprated"
"2Ly49L_52695672","https://www.mizozo.com/weird/03/2011/28/a-man-and-his-unusual-pets.html","A Man And His Unusual Pets",26,169134,20110429233042,13609876,"lightingever7","toprated"
"1yqBEq_52080475","https://www.solarsystemscope.com/","Interactive 3D model of Solar System Planets and Night Sky",107,398082,20110429233042,1808057,"saboma","toprated"
"2zJiR7_53001680","https://www.informationisbeautiful.net/visualizations/radiation-dosage-chart/","http://www.informationisbeautiful.net/visualizations/radiation-dosage-chart/",83,475015,20110429233042,7413327,"frederick09","toprated"
"1xE8KH_53105944","https://9gag.com/gag/109867/","9GAG - Jesus's return",13,28878,20110507013628,3749794,"Neon-Knight","toprated"
"2uvXTt_52278045","https://www.bestoftheblogs.com/Home/38685","An 18th Century Quote Defines Todays Truth",32,71330,20110507013628,4433487,"NickCobb","toprated"
"1Qqtic_52951704","https://www.flickr.com/photos/emilyw_tbs/2193909590/","r_brautigan | Flickr - Photo Sharing!",9,92196,20110507013628,5967449,"KingOfSporkdom","toprated"
"4Jj9y9_52263788","https://www.cslacker.com/images/funny/amazing/photo_taking_skills/","Photo Taking Skills / cSlacker",65,594236,20110507013628,8025707,"OPTIMUSsubPRIME","toprated"
"4Q1FKQ_52514489","https://www.devicemag.com/2010/04/29/abandoned-technology-scattered-across-the-globe/comment-page-1","Abandoned Technology Scattered Across The Globe",21,274182,20110507013628,2436444,"ethekwinigirl","toprated"
"1Qqtic_53517536","https://www.flickr.com/photos/emilyw_tbs/2193909590/","r_brautigan | Flickr - Photo Sharing!",12,109741,20110511010321,2436862,"jeffersonreid","toprated"
"1sG8HM_53390797","https://www.futilitycloset.com/2011/04/29/mistaken-identity-2/","Mistaken Identity |Futility Closet",47,562850,20110511010321,12147591,"anisa5","toprated"
"1xE8KH_53433253","https://9gag.com/gag/109867/","9GAG - Jesus's return",19,34961,20110511010321,10443789,"mharrizone","toprated"
"2an5X2_52799694","https://www.sporcle.com/games/MrChewypoo/minimalist","Can you name the iconic characters by these minimalist images? | Online Games &Trivia by Sporcle",33,114546,20110511010321,9373420,"Thewonkits","toprated"
"1IvGh3_52819426","https://blog.pikimal.com/geek/2011/04/12/the-craziest-pokmon-fan-theories/","http://blog.pikimal.com/geek/2011/04/12/the-craziest-pokmon-fan-theories/",25,205943,20110511010321,8174906,"purduedave","toprated"
"AAMly5_53157434","https://www.cbsnews.com/8301-504784_162-20058382-10391705.html","Geek Out: ""Dark matter"" explained through animation - The Feed - CBS News",9,97346,20110511010321,1324168,"Stettin","toprated"
"1TI98K_52945053","https://www.g4tv.com/attackoftheshow/blog/post/712051/chewbacca-dog/","Chewbacca Dog - G4tv.com",10,84403,20110511010321,11843079,"HoodedCivilian","toprated"
"4MT7pX_53814321","https://themetapicture.com/dont-mind-me-just-building-my-house/","Don't mind me, just building my house",12,233535,20110524050950,8449250,"mcdonald1","toprated"
"32EhYd_54040794","https://www.behemothgaming.com/2011/05/02/the-super-mario-party/","The Super Mario Party | Behemoth Gaming",53,429847,20110628163040,10158196,"texith601","toprated"
"2mlJpr_53551179","https://bigthink.com/ideas/38299","This Awesome Urn Will Turn You into a Tree After You Die | Design for Good | Big Think",59,371798,20110628163040,4657583,"taliesyn30","toprated"
"1sG8HM_54036880","https://www.futilitycloset.com/2011/04/29/mistaken-identity-2/","Mistaken Identity |Futility Closet",91,1108463,20110628163040,9966396,"dagofee","toprated"
"32EhYd_56069725","https://www.behemothgaming.com/2011/05/02/the-super-mario-party/","The Super Mario Party | Behemoth Gaming",65,462994,20110721160539,13494228,"A-to0-the-J","toprated"
"1sG8HM_54626661","https://www.futilitycloset.com/2011/04/29/mistaken-identity-2/","Mistaken Identity | Futility Closet",108,1316470,20110804233217,1250262,"Xoria","toprated"
"1sG8HM_56789932","https://www.futilitycloset.com/2011/04/29/mistaken-identity-2/","Mistaken Identity | Futility Closet",110,1343379,20110809070954,18341670,"mhidalgo9","toprated"
"2WuERn_56742563","https://www.booksofadam.com/2011/05/never-be-my-friend.html","Books of Adam: Never Be My Friend",71,786933,20110814052402,11981626,"7takearisk7","toprated"
"2WuERn_57519891","https://www.booksofadam.com/2011/05/never-be-my-friend.html","Books of Adam: Never Be My Friend",74,805481,20110820033715,2374582,"challengeme","toprated"
"23arAI_57276750","https://www.behance.net/gallery/Solitude-20102011-A-work-in-progress/954142","Solitude - 2010/2011 - A work in progress on the Behance Network",142,1028062,20110826061457,2374582,"challengeme","toprated"
"1sG8HM_54625188","https://www.futilitycloset.com/2011/04/29/mistaken-identity-2/","Mistaken Identity | Futility Closet",116,1432017,20110826061457,8640777,"characteractor","toprated"
"25dXew_53363824","https://www.cocacolla.it/arts/jamie-beck-e-kevin-burg-cinemagraphs/","Jamie Beck e Kevin Burg - Cinemagraphs - fotografie in movimento | CocaColla.it",64,701305,20110826061457,14690698,"nonhaiideadiquan","toprated"
"23arAI_53843658","https://www.behance.net/gallery/Solitude-20102011-A-work-in-progress/954142","Solitude - 2010/2011 - A work in progress on the Behance Network",148,1046850,20110831155134,5137797,"JohnStumbies","toprated"
"1sG8HM_54034998","https://www.futilitycloset.com/2011/04/29/mistaken-identity-2/","Mistaken Identity | Futility Closet",115,1454366,20110831155134,11825260,"lbcloud","toprated"
"2WuERn_53971850","https://www.booksofadam.com/2011/05/never-be-my-friend.html","Books of Adam: Never Be My Friend",83,916014,20110927220044,4657583,"taliesyn30","toprated"
"2WuERn_56355193","https://www.booksofadam.com/2011/05/never-be-my-friend.html","Books of Adam: Never Be My Friend",84,923173,20111001033507,17812761,"billchance","toprated"
"4MT7pX_54265467","https://themetapicture.com/dont-mind-me-just-building-my-house/","Don't mind me, just building my house | The Meta Picture",67,641444,20111013113313,5615047,"snailspace1","toprated"
"1sG8HM_55626577","https://www.futilitycloset.com/2011/04/29/mistaken-identity-2/","Mistaken Identity | Futility Closet",124,1525558,20111015061010,17861752,"aelizabeth593","toprated"
"25dXew_57799806","https://www.cocacolla.it/arts/jamie-beck-e-kevin-burg-cinemagraphs/","Jamie Beck e Kevin Burg - Cinemagraphs - fotografie in movimento | CocaColla.it",295,1089264,20111031094531,5,"StumbleUpon","toprated"
"1sG8HM_57765351","https://www.futilitycloset.com/2011/04/29/mistaken-identity-2/","Mistaken Identity | Futility Closet",125,1526738,20111106083433,19614578,"mysterywomanex","toprated"
"32EhYd_55553884","https://www.behemothgaming.com/2011/05/02/the-super-mario-party/","The Super Mario Party | Behemoth Gaming",87,579281,20120101175342,12076747,"Rocker1018","toprated"
"32EhYd_53460866","https://www.behemothgaming.com/2011/05/02/the-super-mario-party/","The Super Mario Party | Behemoth Gaming",88,580572,20120107042457,10914152,"jaythejedi","toprated"
"8Mh34Y_53646000","https://blog.pokkisam.com/content/crazy-illustrations-chow-hon-lam","Crazy Illustrations By Chow Hon Lam",142,1039496,20120312045342,7865226,"barryr666","toprated"
"4MT7pX_59460678","https://themetapicture.com/dont-mind-me-just-building-my-house/","Don't mind me, just building my house | The Meta Picture",85,651907,20120312045342,20483323,"TriflingTrini","toprated"
"2mlJpr_55425592","https://bigthink.com/ideas/38299","This Awesome Urn Will Turn You into a Tree After You Die | Design for Good | Big Think",92,701008,20120312045342,3964342,"Serinadruid","toprated"
"2WuERn_59558815","https://www.booksofadam.com/2011/05/never-be-my-friend.html","Books of Adam: Never Be My Friend",102,1109309,20120312045342,3616080,"ToeTagJaneDoe","toprated"
"2XnTcU_53797476","https://www.galacticempiretimes.com/2011/05/09/galaxy/outer-rim/obi-wan-kenobi-is-killed.html","Obi-Wan Kenobi Is Dead, Vader Says - Galactic Empire Times",99,440954,20120312045342,8988025,"qualla3stfiqui","toprated"
"23arAI_53677748","https://www.behance.net/gallery/Solitude-20102011-A-work-in-progress/954142","Solitude - 2010/2011 - A work in progress on the Behance Network",201,1486031,20120312045342,17104745,"Blu3vibration","toprated"
"32EhYd_64856256","https://www.behemothgaming.com/2011/05/02/the-super-mario-party/","The Super Mario Party | Behemoth Gaming",90,583071,20120312045342,3616080,"ToeTagJaneDoe","toprated"
"1sG8HM_55395461","https://www.futilitycloset.com/2011/04/29/mistaken-identity-2/","Mistaken Identity | Futility Closet",141,1792840,20120312045342,7739580,"stumblingMeg","toprated"
"25dXew_59558859","https://www.cocacolla.it/arts/jamie-beck-e-kevin-burg-cinemagraphs/","Jamie Beck e Kevin Burg - Cinemagraphs - fotografie in movimento | CocaColla.it",331,1640659,20120312045342,3616080,"ToeTagJaneDoe","toprated"
"3E3qLq_52972909","https://www.jamiewieck.com/visual-essays/the-50-things-every-graphic-design-student-should-know/","http://www.jamiewieck.com/visual-essays/the-50-things-every-graphic-design-student-should-know/",40,372408,20120312045342,3712634,"themetrosexiest","toprated"
